sample_id,result_dir,mask_ratio,method,layer,n,rmse,mae,cos,pearson_r
151507,151507_seed2874_e100_per_site_random_60_seed2874,60,AIRDiff-ST,all_holdout,5992262,0.02699324971692692,0.009168953586542579,0.8800258107337215,0.8869521229957019
151508,151508_seed2874_e100_per_site_random_60_seed2874,60,AIRDiff-ST,all_holdout,5521560,0.023580267669006175,0.006697050582472002,0.9001589417720821,0.9036501309694418
151509,151509_seed2874_e100_per_site_random_60_seed2874,60,AIRDiff-ST,all_holdout,6540251,0.025878288152034388,0.007058949823937706,0.8910053474287825,0.8939467875760319
151510,151510_seed2874_e100_per_site_random_60_seed2874,60,AIRDiff-ST,all_holdout,6234353,0.02478921793367824,0.00895959791334465,0.8956321335979757,0.903045839794905
151669,151669_seed1531_e100_per_site_random_60_seed1531,60,AIRDiff-ST,all_holdout,6532881,0.02605342738696616,0.008331270325526665,0.9155667937477849,0.9193000278334806
151670,151670_seed1531_e100_per_site_random_60_seed1531,60,AIRDiff-ST,all_holdout,4847211,0.022297323217770684,0.003992430709484192,0.9362812682137686,0.936244223852717
151671,151671_seed1531_e100_per_site_random_60_seed1531,60,AIRDiff-ST,all_holdout,8501281,0.02619181746737418,0.00824741479073178,0.9186691109215805,0.9223646322432396
151672,151672_seed1531_e100_per_site_random_60_seed1531,60,AIRDiff-ST,all_holdout,6091389,0.025125799569048212,0.008091988043824515,0.9206085803717496,0.9243318894070838
151673,seed1531_e100_per_site_random_60_seed1531,60,AIRDiff-ST,all_holdout,6053512,0.025030669924145713,0.006347481100571367,0.8958483564788013,0.8977808124144282
151674,151674_seed1531_e100_per_site_random_60_seed1531,60,AIRDiff-ST,all_holdout,12791022,0.03088551283905912,0.01193105280086716,0.8412739018026953,0.8542529951561447
151675,151675_seed1531_e100_per_site_random_60_seed1531,60,AIRDiff-ST,all_holdout,4769830,0.02457089010349871,0.007368008566475768,0.8892402128446178,0.8934144018739141
151676,151676_seed1531_e100_per_site_random_60_seed1531,60,AIRDiff-ST,all_holdout,5629381,0.027946398687425655,0.008465567475910762,0.8732993587342796,0.8776286707128359
151507,151507_seed2874_e100_per_site_random_60_seed2874,60,AIRGate-ST,all_holdout,5992262,0.03329748390928767,0.006206413608791607,0.8338353939460652,0.8342207626234299
151508,151508_seed2874_e100_per_site_random_60_seed2874,60,AIRGate-ST,all_holdout,5521560,0.03160784919183286,0.0051001425162252095,0.8403342643008058,0.840286294558644
151509,151509_seed2874_e100_per_site_random_60_seed2874,60,AIRGate-ST,all_holdout,6540251,0.030655438619012734,0.005374601352752544,0.8571828014206022,0.8572103319167721
151510,151510_seed2874_e100_per_site_random_60_seed2874,60,AIRGate-ST,all_holdout,6234353,0.031075813670645987,0.005131832800711884,0.8519276212499347,0.8518252895065801
151669,151669_seed1531_e100_per_site_random_60_seed1531,60,AIRGate-ST,all_holdout,6532881,0.03431887274755071,0.006439290390565429,0.8645123098911587,0.8645919441966076
151670,151670_seed1531_e100_per_site_random_60_seed1531,60,AIRGate-ST,all_holdout,4847211,0.029313006303142892,0.0050961591824767545,0.8975946364384529,0.8976106979948666
151671,151671_seed1531_e100_per_site_random_60_seed1531,60,AIRGate-ST,all_holdout,8501281,0.0379137700250774,0.006545009051515906,0.8514417909712341,0.8512688896758431
151672,151672_seed1531_e100_per_site_random_60_seed1531,60,AIRGate-ST,all_holdout,6091389,0.029346954052863805,0.00544899325764549,0.89408320608274,0.8942162493412285
151673,seed1531_e100_per_site_random_60_seed1531,60,AIRGate-ST,all_holdout,6053512,0.03150804419950402,0.005857161858626773,0.8476728639391167,0.8478388580367344
151674,151674_seed1531_e100_per_site_random_60_seed1531,60,AIRGate-ST,all_holdout,12791022,0.05102848696851975,0.008896636585999887,0.7062992539367716,0.7049110440096122
151675,151675_seed1531_e100_per_site_random_60_seed1531,60,AIRGate-ST,all_holdout,4769830,0.030110885861810217,0.004938653482505114,0.8521105631889696,0.8519089307278644
151676,151676_seed1531_e100_per_site_random_60_seed1531,60,AIRGate-ST,all_holdout,5629381,0.04185871990463669,0.007942986074144126,0.7759419403444964,0.7755513004196358
151507,151507_seed2874_e100_per_site_random_60_seed2874,60,Mean Baseline,all_holdout,5992262,0.022037193547728144,0.002185874403759761,0.9200802776511547,0.9196311943745591
151508,151508_seed2874_e100_per_site_random_60_seed2874,60,Mean Baseline,all_holdout,5521560,0.02124889423793132,0.002040604019447257,0.9197080608026567,0.9193023284582208
151509,151509_seed2874_e100_per_site_random_60_seed2874,60,Mean Baseline,all_holdout,6540251,0.022281693161311903,0.0022618643110064673,0.9195135213889445,0.9190292867906871
151510,151510_seed2874_e100_per_site_random_60_seed2874,60,Mean Baseline,all_holdout,6234353,0.02172170262016985,0.0021888862275676103,0.9205724130373194,0.9201267378148293
151669,151669_seed1531_e100_per_site_random_60_seed1531,60,Mean Baseline,all_holdout,6532881,0.022277997606041138,0.002413911028015742,0.9384287611166681,0.9379873100090516
151670,151670_seed1531_e100_per_site_random_60_seed1531,60,Mean Baseline,all_holdout,4847211,0.019657293145965135,0.0021136340090789005,0.9508544487946907,0.9505285614310766
151671,151671_seed1531_e100_per_site_random_60_seed1531,60,Mean Baseline,all_holdout,8501281,0.02360328362577816,0.002388229225103163,0.9344825305680301,0.9340217663587203
151672,151672_seed1531_e100_per_site_random_60_seed1531,60,Mean Baseline,all_holdout,6091389,0.020754914884545877,0.0022503225605498976,0.9455633077227522,0.9451868510170969
151673,seed1531_e100_per_site_random_60_seed1531,60,Mean Baseline,all_holdout,6053512,0.022271504129194444,0.0023277509530715834,0.9179124372887537,0.9174083101938751
151674,151674_seed1531_e100_per_site_random_60_seed1531,60,Mean Baseline,all_holdout,12791022,0.026533584964421465,0.002781119338402977,0.884905246009308,0.8841459024854971
151675,151675_seed1531_e100_per_site_random_60_seed1531,60,Mean Baseline,all_holdout,4769830,0.020776095255638984,0.002197022749726992,0.9210847212817198,0.9206398438847266
151676,151676_seed1531_e100_per_site_random_60_seed1531,60,Mean Baseline,all_holdout,5629381,0.023828396360514946,0.0026670724587563753,0.9077819117734524,0.9071544351446338
151507,151507_seed2874_e100_per_site_random_60_seed2874,60,Multiple Imputation,all_holdout,5992262,0.0277310796003303,0.006438449688501209,0.8756302710753139,0.8773916503300919
151508,151508_seed2874_e100_per_site_random_60_seed2874,60,Multiple Imputation,all_holdout,5521560,0.02580886929740189,0.005884456388150119,0.8830043062584254,0.8847472139599053
151509,151509_seed2874_e100_per_site_random_60_seed2874,60,Multiple Imputation,all_holdout,6540251,0.027324848315329782,0.006306600150295231,0.8807482736652564,0.8822679204111343
151510,151510_seed2874_e100_per_site_random_60_seed2874,60,Multiple Imputation,all_holdout,6234353,0.02582638512426878,0.005854042338859672,0.8884147453667861,0.8898461944457968
151669,151669_seed1531_e100_per_site_random_60_seed1531,60,Multiple Imputation,all_holdout,6532881,0.027915329640721846,0.006538272813464704,0.9043844052139703,0.9055645376595489
151670,151670_seed1531_e100_per_site_random_60_seed1531,60,Multiple Imputation,all_holdout,4847211,0.02383538051786346,0.005527500474023365,0.9280949021926476,0.92907708026061
151671,151671_seed1531_e100_per_site_random_60_seed1531,60,Multiple Imputation,all_holdout,8501281,0.029628106097480646,0.006857780714351191,0.8974481431360963,0.8987307164288016
151672,151672_seed1531_e100_per_site_random_60_seed1531,60,Multiple Imputation,all_holdout,6091389,0.025902661649426992,0.006320275446947121,0.9158849620057119,0.9172513495237851
151673,seed1531_e100_per_site_random_60_seed1531,60,Multiple Imputation,all_holdout,6053512,0.026882392577905628,0.006111631509068364,0.8818122030492963,0.8831211146910771
151674,151674_seed1531_e100_per_site_random_60_seed1531,60,Multiple Imputation,all_holdout,12791022,0.034197765341906286,0.007952647713092715,0.8149198448828204,0.8165663434289123
151675,151675_seed1531_e100_per_site_random_60_seed1531,60,Multiple Imputation,all_holdout,4769830,0.02406078536926434,0.005289348505764622,0.8941966383869134,0.8952837722816988
151676,151676_seed1531_e100_per_site_random_60_seed1531,60,Multiple Imputation,all_holdout,5629381,0.028547107640110665,0.006443339397877173,0.8686143337832315,0.8696904938746234
151507,151507_seed2874_e100_per_site_random_60_seed2874,60,SoftImpute,all_holdout,5992262,0.04647751151830741,0.0036090314619947497,0.6816856855552925,0.6801907968719195
151508,151508_seed2874_e100_per_site_random_60_seed2874,60,SoftImpute,all_holdout,5521560,0.044382414121292194,0.003305343923836099,0.6796253242014607,0.6783174614244897
151509,151509_seed2874_e100_per_site_random_60_seed2874,60,SoftImpute,all_holdout,6540251,0.04824046256217151,0.00381548818725854,0.6554162816118434,0.6537263171066799
151510,151510_seed2874_e100_per_site_random_60_seed2874,60,SoftImpute,all_holdout,6234353,0.046356181091770206,0.003589828359945741,0.6689841347004168,0.6674783523453848
151669,151669_seed1531_e100_per_site_random_60_seed1531,60,SoftImpute,all_holdout,6532881,0.0409509885517381,0.003782937228302393,0.8335163001169358,0.8323920179044914
151670,151670_seed1531_e100_per_site_random_60_seed1531,60,SoftImpute,all_holdout,4847211,0.03908133422269745,0.003501396148703372,0.8456320963602154,0.8446836438725505
151671,151671_seed1531_e100_per_site_random_60_seed1531,60,SoftImpute,all_holdout,8501281,0.04528836894978104,0.004014169868129129,0.8076413155229648,0.8064127800094667
151672,151672_seed1531_e100_per_site_random_60_seed1531,60,SoftImpute,all_holdout,6091389,0.040567534785859144,0.0036788212754944264,0.8358385140033634,0.8347797703848434
151673,seed1531_e100_per_site_random_60_seed1531,60,SoftImpute,all_holdout,6053512,0.04372036159410665,0.003593591898889762,0.7376648895178026,0.7361991827816593
151674,151674_seed1531_e100_per_site_random_60_seed1531,60,SoftImpute,all_holdout,12791022,0.04668298894479821,0.0039053953708478068,0.693579392316283,0.6916345297199533
151675,151675_seed1531_e100_per_site_random_60_seed1531,60,SoftImpute,all_holdout,4769830,0.040287383427511494,0.0032450889601086507,0.7384026190912177,0.7371085576033282
151676,151676_seed1531_e100_per_site_random_60_seed1531,60,SoftImpute,all_holdout,5629381,0.04289374712975393,0.0037725639518330907,0.7422964856410796,0.7406651810656097
151507,151507_seed2874_e100_per_site_random_60_seed2874,60,Spatial IDW,all_holdout,5992262,0.04342240883901969,0.0028362878704500283,0.6361815691873254,0.6351439559653317
151508,151508_seed2874_e100_per_site_random_60_seed2874,60,Spatial IDW,all_holdout,5521560,0.04073245943101137,0.002513768825771371,0.6588528358954511,0.6580107122311131
151509,151509_seed2874_e100_per_site_random_60_seed2874,60,Spatial IDW,all_holdout,6540251,0.044456935991856524,0.0030096981316659927,0.6208005419623943,0.6196243952098115
151510,151510_seed2874_e100_per_site_random_60_seed2874,60,Spatial IDW,all_holdout,6234353,0.04226833186831647,0.0027543776579042442,0.6501867706174954,0.6491950440708438
151669,151669_seed1531_e100_per_site_random_60_seed1531,60,Spatial IDW,all_holdout,6532881,0.043726611226983174,0.0030730253977420134,0.7351677388421374,0.7340633602569844
151670,151670_seed1531_e100_per_site_random_60_seed1531,60,Spatial IDW,all_holdout,4847211,0.03949260792806388,0.002611899759294634,0.7830460599101658,0.7821812841275367
151671,151671_seed1531_e100_per_site_random_60_seed1531,60,Spatial IDW,all_holdout,8501281,0.04761197539751848,0.0033061677019877414,0.696137149870915,0.6949594585237625
151672,151672_seed1531_e100_per_site_random_60_seed1531,60,Spatial IDW,all_holdout,6091389,0.04218879031720167,0.0028962533285409936,0.7501033523124734,0.7490918068598711
151673,seed1531_e100_per_site_random_60_seed1531,60,Spatial IDW,all_holdout,6053512,0.04165717017641059,0.002838880007673719,0.671018366998112,0.6698664484507063
151674,151674_seed1531_e100_per_site_random_60_seed1531,60,Spatial IDW,all_holdout,12791022,0.04625892358848238,0.003261596706560454,0.5847421385690192,0.5832446680964712
151675,151675_seed1531_e100_per_site_random_60_seed1531,60,Spatial IDW,all_holdout,4769830,0.037137880834669186,0.002442503635047769,0.7186438867313264,0.7177583963914428
151676,151676_seed1531_e100_per_site_random_60_seed1531,60,Spatial IDW,all_holdout,5629381,0.04136646728870643,0.002985859443560718,0.6861852921394026,0.6849620515334327
151507,151507_seed2874_e100_per_site_random_60_seed2874,60,Spatial KNN,all_holdout,5992262,0.042891068667644444,0.0027886946888616517,0.6474195214425978,0.6463905723579931
151508,151508_seed2874_e100_per_site_random_60_seed2874,60,Spatial KNN,all_holdout,5521560,0.04018655783290305,0.002469540040326725,0.6701768624723584,0.6693402017874774
151509,151509_seed2874_e100_per_site_random_60_seed2874,60,Spatial KNN,all_holdout,6540251,0.04393827612144823,0.0029584439602157488,0.6321656460273267,0.6309945665800597
151510,151510_seed2874_e100_per_site_random_60_seed2874,60,Spatial KNN,all_holdout,6234353,0.04176467497283247,0.0027107464322297646,0.660587035071407,0.6596024324307544
151669,151669_seed1531_e100_per_site_random_60_seed1531,60,Spatial KNN,all_holdout,6532881,0.04283350093246784,0.0029921524859812107,0.7476785374403738,0.7466005285887041
151670,151670_seed1531_e100_per_site_random_60_seed1531,60,Spatial KNN,all_holdout,4847211,0.03861158161310756,0.0025404385248380046,0.7938468084329755,0.7930089469903766
151671,151671_seed1531_e100_per_site_random_60_seed1531,60,Spatial KNN,all_holdout,8501281,0.046868613945700785,0.003234353998753853,0.707494485758916,0.7063314050852886
151672,151672_seed1531_e100_per_site_random_60_seed1531,60,Spatial KNN,all_holdout,6091389,0.04144165733455314,0.002831124413374089,0.7602601861359842,0.7592664201791726
151673,seed1531_e100_per_site_random_60_seed1531,60,Spatial KNN,all_holdout,6053512,0.04096124847039947,0.002780953879632995,0.6843988210950043,0.6832632982200257
151674,151674_seed1531_e100_per_site_random_60_seed1531,60,Spatial KNN,all_holdout,12791022,0.04574864908399112,0.0032108623730043064,0.5968406446881453,0.5953538799343283
151675,151675_seed1531_e100_per_site_random_60_seed1531,60,Spatial KNN,all_holdout,4769830,0.036519247272101193,0.0023963238996961823,0.7296126115848557,0.7287400338572889
151676,151676_seed1531_e100_per_site_random_60_seed1531,60,Spatial KNN,all_holdout,5629381,0.04077401430143084,0.002934007144786912,0.6969585443246885,0.6957508229117828
151507,151507_seed2874_e100_per_site_random_60_seed2874,60,AIRDiff-ST,gt_positive,290775,0.08964373705784787,0.02856349216198028,0.9375441600923131,0.9302777964441415
151508,151508_seed2874_e100_per_site_random_60_seed2874,60,AIRDiff-ST,gt_positive,248539,0.08535532810610622,0.027977311495740086,0.9455551782560896,0.9403115697441295
151509,151509_seed2874_e100_per_site_random_60_seed2874,60,AIRDiff-ST,gt_positive,275983,0.09690371126808772,0.032630486180259176,0.9373703683770688,0.9288035342899439
151510,151510_seed2874_e100_per_site_random_60_seed2874,60,AIRDiff-ST,gt_positive,264068,0.08845769210061569,0.031657639847844275,0.9478184243683129,0.9413082668917282
151669,151669_seed1531_e100_per_site_random_60_seed1531,60,AIRDiff-ST,gt_positive,379565,0.08187400585175479,0.026744530076869867,0.9526678733164854,0.9467902587248849
151670,151670_seed1531_e100_per_site_random_60_seed1531,60,AIRDiff-ST,gt_positive,254185,0.07805623063903623,0.02590476893978217,0.9606076694591944,0.9565652062981143
151671,151671_seed1531_e100_per_site_random_60_seed1531,60,AIRDiff-ST,gt_positive,530884,0.0819359219430285,0.025900854365613964,0.9532265891545117,0.9479640466064023
151672,151672_seed1531_e100_per_site_random_60_seed1531,60,AIRDiff-ST,gt_positive,319430,0.07937905203353082,0.026107084764654998,0.9588380894788433,0.9532930306114472
151673,seed1531_e100_per_site_random_60_seed1531,60,AIRDiff-ST,gt_positive,293387,0.08671390598098283,0.030130553024260563,0.9419301592827989,0.9351659124981004
151674,151674_seed1531_e100_per_site_random_60_seed1531,60,AIRDiff-ST,gt_positive,770276,0.09816078917672294,0.03299127366710022,0.9113252718083873,0.9013704955712816
151675,151675_seed1531_e100_per_site_random_60_seed1531,60,AIRDiff-ST,gt_positive,229563,0.08622323663634407,0.027882108050976687,0.9359497499886872,0.9288797179380122
151676,151676_seed1531_e100_per_site_random_60_seed1531,60,AIRDiff-ST,gt_positive,318555,0.09024935825797493,0.029480659378815294,0.9266760653647674,0.9180150071896523
151507,151507_seed2874_e100_per_site_random_60_seed2874,60,AIRGate-ST,gt_positive,290775,0.07906501555082342,0.026445473603580814,0.9514491214360143,0.9459566129793415
151508,151508_seed2874_e100_per_site_random_60_seed2874,60,AIRGate-ST,gt_positive,248539,0.07998932137577329,0.02451722191253299,0.9496602924207549,0.9447189699444187
151509,151509_seed2874_e100_per_site_random_60_seed2874,60,AIRGate-ST,gt_positive,275983,0.08423523823685035,0.031192820170596273,0.952844802113451,0.9462430801688645
151510,151510_seed2874_e100_per_site_random_60_seed2874,60,AIRGate-ST,gt_positive,264068,0.08298955357524883,0.028198184935363798,0.9517886027643335,0.9459797387293661
151669,151669_seed1531_e100_per_site_random_60_seed1531,60,AIRGate-ST,gt_positive,379565,0.07458687129050762,0.025497053248446422,0.9606730646381695,0.9557433563906889
151670,151670_seed1531_e100_per_site_random_60_seed1531,60,AIRGate-ST,gt_positive,254185,0.06909208574764006,0.022906154115612726,0.9684819157243442,0.9647187638044875
151671,151671_seed1531_e100_per_site_random_60_seed1531,60,AIRGate-ST,gt_positive,530884,0.07046713282804572,0.021617093801111615,0.9641435074353263,0.9600688811938801
151672,151672_seed1531_e100_per_site_random_60_seed1531,60,AIRGate-ST,gt_positive,319430,0.07407538232038778,0.026575829498818763,0.9647401987885983,0.9601191540080014
151673,seed1531_e100_per_site_random_60_seed1531,60,AIRGate-ST,gt_positive,293387,0.080178481608819,0.028817296227358305,0.9497145872608227,0.9434969380023319
151674,151674_seed1531_e100_per_site_random_60_seed1531,60,AIRGate-ST,gt_positive,770276,0.08935486767816725,0.025912163208144694,0.9236544369288533,0.9159688455397548
151675,151675_seed1531_e100_per_site_random_60_seed1531,60,AIRGate-ST,gt_positive,229563,0.0763670527054652,0.02524418906401279,0.9494424219662513,0.9443419163092136
151676,151676_seed1531_e100_per_site_random_60_seed1531,60,AIRGate-ST,gt_positive,318555,0.08174244543743993,0.02699003824022704,0.9397200218559951,0.9328043093357113
151507,151507_seed2874_e100_per_site_random_60_seed2874,60,Mean Baseline,gt_positive,290775,0.084529423497266,0.02504284957191618,0.9446713554943069,0.9403969322638097
151508,151508_seed2874_e100_per_site_random_60_seed2874,60,Mean Baseline,gt_positive,248539,0.0855785481478394,0.02484913158566108,0.9429427451582733,0.9389718288129479
151509,151509_seed2874_e100_per_site_random_60_seed2874,60,Mean Baseline,gt_positive,275983,0.09064893539751827,0.030084625836080854,0.9456420191852057,0.9401760728098357
151510,151510_seed2874_e100_per_site_random_60_seed2874,60,Mean Baseline,gt_positive,264068,0.08987020335675312,0.028910681891519494,0.9442705216041587,0.9394260969576115
151669,151669_seed1531_e100_per_site_random_60_seed1531,60,Mean Baseline,gt_positive,379565,0.07882608628425038,0.02368683682234397,0.9561047305768401,0.9521142631869438
151670,151670_seed1531_e100_per_site_random_60_seed1531,60,Mean Baseline,gt_positive,254185,0.0732689310140896,0.022517190805628213,0.9647098938300577,0.9616793250063209
151671,151671_seed1531_e100_per_site_random_60_seed1531,60,Mean Baseline,gt_positive,530884,0.07976808698845987,0.021778620720181274,0.9544954698718716,0.9505374180306725
151672,151672_seed1531_e100_per_site_random_60_seed1531,60,Mean Baseline,gt_positive,319430,0.07729522343477115,0.02437682310585042,0.9611850810616562,0.9575662241770805
151673,seed1531_e100_per_site_random_60_seed1531,60,Mean Baseline,gt_positive,293387,0.08467415832941232,0.027630601131424362,0.9444807411239065,0.9395275110253558
151674,151674_seed1531_e100_per_site_random_60_seed1531,60,Mean Baseline,gt_positive,770276,0.09501061752339308,0.026288387034485647,0.9139568744383458,0.9069570648580368
151675,151675_seed1531_e100_per_site_random_60_seed1531,60,Mean Baseline,gt_positive,229563,0.08061935061997486,0.026029401130746848,0.944674466008906,0.9406523510831362
151676,151676_seed1531_e100_per_site_random_60_seed1531,60,Mean Baseline,gt_positive,318555,0.08704936960151971,0.027178747204338837,0.9323086244251682,0.9266885229655951
151507,151507_seed2874_e100_per_site_random_60_seed2874,60,Multiple Imputation,gt_positive,290775,0.08477412577253929,0.02568971637955522,0.9441584570409004,0.9381196495003692
151508,151508_seed2874_e100_per_site_random_60_seed2874,60,Multiple Imputation,gt_positive,248539,0.08488699763439488,0.024785615605436528,0.9437988896335182,0.9381329612837437
151509,151509_seed2874_e100_per_site_random_60_seed2874,60,Multiple Imputation,gt_positive,275983,0.09057237394744096,0.030067766617205168,0.9454939059093469,0.9382472730194137
151510,151510_seed2874_e100_per_site_random_60_seed2874,60,Multiple Imputation,gt_positive,264068,0.08900513602036833,0.02847161747526619,0.9452371210856229,0.9387683090432491
151669,151669_seed1531_e100_per_site_random_60_seed1531,60,Multiple Imputation,gt_positive,379565,0.07917380744667142,0.024403649063100222,0.9556938930809465,0.9503568338203787
151670,151670_seed1531_e100_per_site_random_60_seed1531,60,Multiple Imputation,gt_positive,254185,0.07273114619001164,0.022519751681006738,0.9653255999412831,0.9612311076077775
151671,151671_seed1531_e100_per_site_random_60_seed1531,60,Multiple Imputation,gt_positive,530884,0.08057626347352191,0.023014372286234847,0.9536824310360796,0.9485843081736743
151672,151672_seed1531_e100_per_site_random_60_seed1531,60,Multiple Imputation,gt_positive,319430,0.07746886563385778,0.024575517936990254,0.9609779855570307,0.956015002264154
151673,seed1531_e100_per_site_random_60_seed1531,60,Multiple Imputation,gt_positive,293387,0.08589581939713599,0.027851326677625538,0.9423411909570821,0.9355484954268558
151674,151674_seed1531_e100_per_site_random_60_seed1531,60,Multiple Imputation,gt_positive,770276,0.09500509427372635,0.027931907936247505,0.9136316474147863,0.9045921540436515
151675,151675_seed1531_e100_per_site_random_60_seed1531,60,Multiple Imputation,gt_positive,229563,0.0817347657546259,0.025892620628646574,0.9428528807789845,0.9370366125119299
151676,151676_seed1531_e100_per_site_random_60_seed1531,60,Multiple Imputation,gt_positive,318555,0.08726073914627244,0.02784002207521153,0.9318996143801425,0.9243037714402277
151507,151507_seed2874_e100_per_site_random_60_seed2874,60,SoftImpute,gt_positive,290775,0.21081705303587867,0.06872623116297302,0.6859989050272511,0.6657991687802838
151508,151508_seed2874_e100_per_site_random_60_seed2874,60,SoftImpute,gt_positive,248539,0.20897434194364528,0.0674534523337371,0.6845249754942345,0.6667286086634593
151509,151509_seed2874_e100_per_site_random_60_seed2874,60,SoftImpute,gt_positive,275983,0.23468705342554688,0.08470590114214903,0.6598519758505313,0.6324648856805666
151510,151510_seed2874_e100_per_site_random_60_seed2874,60,SoftImpute,gt_positive,264068,0.2250886097033173,0.07858108152119078,0.6726822629712605,0.64954593161795
151669,151669_seed1531_e100_per_site_random_60_seed1531,60,SoftImpute,gt_positive,379565,0.1691783201013081,0.05614541654647222,0.8387728651182729,0.8245991960748945
151670,151670_seed1531_e100_per_site_random_60_seed1531,60,SoftImpute,gt_positive,254185,0.1700647502316083,0.057667064190735993,0.84952497345977,0.8363932375503306
151671,151671_seed1531_e100_per_site_random_60_seed1531,60,SoftImpute,gt_positive,530884,0.1807442249081387,0.05726613979691495,0.8123880258178457,0.7977388326890587
151672,151672_seed1531_e100_per_site_random_60_seed1531,60,SoftImpute,gt_positive,319430,0.17648002087808154,0.06089233004893876,0.840726494695404,0.8259571100404244
151673,seed1531_e100_per_site_random_60_seed1531,60,SoftImpute,gt_positive,293387,0.1981729885993232,0.06715248097501889,0.7455713874164313,0.7245144879502017
151674,151674_seed1531_e100_per_site_random_60_seed1531,60,SoftImpute,gt_positive,770276,0.18993263771447733,0.05847177093531446,0.7017582940459055,0.6795264894719377
151675,151675_seed1531_e100_per_site_random_60_seed1531,60,SoftImpute,gt_positive,229563,0.18311951906639504,0.05998355571117934,0.746021870726306,0.7287182281272429
151676,151676_seed1531_e100_per_site_random_60_seed1531,60,SoftImpute,gt_positive,318555,0.1797860070579632,0.05877342750469566,0.750403990056424,0.7309647182397466
151507,151507_seed2874_e100_per_site_random_60_seed2874,60,Spatial IDW,gt_positive,290775,0.1958123480124474,0.055705919317738134,0.6420100953837047,0.6230359898237972
151508,151508_seed2874_e100_per_site_random_60_seed2874,60,Spatial IDW,gt_positive,248539,0.19053384047612307,0.05325315023906986,0.6649819054444946,0.6485251003019588
151509,151509_seed2874_e100_per_site_random_60_seed2874,60,Spatial IDW,gt_positive,275983,0.21484908789438104,0.0679793150603435,0.6275680161077677,0.6024474530970492
151510,151510_seed2874_e100_per_site_random_60_seed2874,60,Spatial IDW,gt_positive,264068,0.2041094070295026,0.06202641096918,0.6554087749387622,0.6344086370583079
151669,151669_seed1531_e100_per_site_random_60_seed1531,60,Spatial IDW,gt_positive,379565,0.17984208731765977,0.05003671886497768,0.7403388981742192,0.7228549470039893
151670,151670_seed1531_e100_per_site_random_60_seed1531,60,Spatial IDW,gt_positive,254185,0.1708180734793939,0.04686845918160739,0.7875912088611612,0.7723889104813754
151671,151671_seed1531_e100_per_site_random_60_seed1531,60,Spatial IDW,gt_positive,530884,0.18923832775454308,0.050663011574170545,0.7009326079118088,0.68337481059633
151672,151672_seed1531_e100_per_site_random_60_seed1531,60,Spatial IDW,gt_positive,319430,0.18254291292136748,0.0521469000689144,0.755257260105665,0.7374862666291321
151673,seed1531_e100_per_site_random_60_seed1531,60,Spatial IDW,gt_positive,293387,0.1868262529985375,0.055099340480141666,0.6805941754819574,0.6594667147458503
151674,151674_seed1531_e100_per_site_random_60_seed1531,60,Spatial IDW,gt_positive,770276,0.1864403076039252,0.051497284551082996,0.5959273823415965,0.5736319973704721
151675,151675_seed1531_e100_per_site_random_60_seed1531,60,Spatial IDW,gt_positive,229563,0.16690464905763489,0.04736391790520575,0.7274897761821082,0.7117488976735156
151676,151676_seed1531_e100_per_site_random_60_seed1531,60,Spatial IDW,gt_positive,318555,0.17173516108439218,0.04942314632326988,0.695034432974479,0.6760909768419235
151507,151507_seed2874_e100_per_site_random_60_seed2874,60,Spatial KNN,gt_positive,290775,0.19335204994054564,0.05460706606431015,0.6533170317793838,0.6345469923472716
151508,151508_seed2874_e100_per_site_random_60_seed2874,60,Spatial KNN,gt_positive,248539,0.18784427385085709,0.052121017856618865,0.6766189129968441,0.6603424270278611
151509,151509_seed2874_e100_per_site_random_60_seed2874,60,Spatial KNN,gt_positive,275983,0.21218955700849024,0.06658353092161609,0.6393224295909554,0.6143862233637627
151510,151510_seed2874_e100_per_site_random_60_seed2874,60,Spatial KNN,gt_positive,264068,0.20160520508932298,0.06084712502478381,0.6659196711802885,0.6451441353662603
151669,151669_seed1531_e100_per_site_random_60_seed1531,60,Spatial KNN,gt_positive,379565,0.17600256610083376,0.04848456746766179,0.7531070596480293,0.7361231011109696
151670,151670_seed1531_e100_per_site_random_60_seed1531,60,Spatial KNN,gt_positive,254185,0.16693847082531543,0.045397925808568926,0.7983342907030324,0.7836501919329832
151671,151671_seed1531_e100_per_site_random_60_seed1531,60,Spatial KNN,gt_positive,530884,0.18615389965021084,0.049372428599702006,0.7125533308141965,0.6952796772708523
151672,151672_seed1531_e100_per_site_random_60_seed1531,60,Spatial KNN,gt_positive,319430,0.17916540251576968,0.05072118138957294,0.7656062751820433,0.7482350569155481
151673,seed1531_e100_per_site_random_60_seed1531,60,Spatial KNN,gt_positive,293387,0.18346017960548228,0.053676729012259526,0.6944886974064651,0.6738040199264463
151674,151674_seed1531_e100_per_site_random_60_seed1531,60,Spatial KNN,gt_positive,770276,0.18430142748155104,0.050538076177575206,0.6080961483546989,0.5860190116000066
151675,151675_seed1531_e100_per_site_random_60_seed1531,60,Spatial KNN,gt_positive,229563,0.16395502444763554,0.046240407961987126,0.7387055088221892,0.7232794197145604
151676,151676_seed1531_e100_per_site_random_60_seed1531,60,Spatial KNN,gt_positive,318555,0.16919112076484233,0.048368048160894433,0.7058356676891896,0.6871983275835948
